name,email
De Groot Douma Vosmeijer & Frantzen Advocaten,info@dgdv.nl
Rijnja Meijer & Balemans Advocaten,info@rijnjameijer.nl
Advocatenkantoor Zeeland,info@advocatenkantoorzeeland.com
Advocatenkantoor Winnips & Schütz,info@winnipsenschutz.nl
Breewel Advocatuur,info@breeweladvocatuur.nl
Baker & McKenzie Amsterdam NV,info.amsterdam@bakermckenzie.com
Scholtens Advocaten,info@scholtensadvocaten.nl
Koopman Advocatenkantoor,akoopman@amkoopman.nl
Mens Advocaten,info@menshelpt.nl
Advocatenkantoor Pot cs,N/A
Schuth & Koelemaij Advocaten en Belastingadviseurs,info@sk-advocaten.nl
Hovinga Advocatenkantoor,info@addohovinga.nl
Advocatenkantoor Albicher,advocaat@albicher.nl
Hoevers Advocaten- en Mediatorskantoor,info@kantoorhoevers.nl
Beilen Rauwerda Advocaten Van,info@vanbeilenrauwerda.nl
Van Montfort Advocaten,info@montfortadvocaten.nl
Advocaten Kappelhof,info@kappelhofadvocaten.nl
"Van de Gevel & Grootjans, advocaten & mediators",info@vandegevelgrootjans.nl
Goorts + Coppens advocatenladviseurs,helmond@gca.nl
Helmantel & Bügel Flevo advocaten,info@helmantel-bugel.nl
Advocaten- & Mediatorskantoor Hoevers,info@kantoorhoevers.nl
D & H Advocatuur en Mediation,hissink@d-hadvocaten.nl
Advocatenkantoor Heerenstaete Advocaten & Mediation,N/A
Strix Advocaten,N/A
Fridsma & Vervest Advocaten,info@fvadvocaten.nl
Advocatuur Gloudi,info@gloudiadvocatuur.nl
Austen & Peters Advocaten,info@ap-advocaten.nl
Advocatenpraktijk Bos,info@advocatenpraktijkbos.nl
Bruin Advocatuur,judith.bruin@planet.nl
Ringerwöle Advocatuur BV,N/A
Arbeidsletsel Advocaten,info@arbeidsletseladvocaten.nl
Strik Advocaten en Belastingadviseurs BV,info@strik-law.nl
Arslan & Ter Wee Advocaten,info@atwadvocaten.nl
Advocaten Theuns & Sanders,info@theunssandersadvocaten.nl
Beek advocaten,info@beekadvocaten.nl
Advocatenkantoor Van Rijthoven,mail@rijthoven.nl
