name,phone
De Groot Douma Vosmeijer & Frantzen Advocaten,+31206434966
Rijnja Meijer & Balemans Advocaten,+31206203125
Advocatenkantoor Zeeland,+31118236010
Advocatenkantoor Winnips & Schütz,+31582138353
Breewel Advocatuur,+31165560704
Baker & McKenzie Amsterdam NV,+31205517555
Scholtens Advocaten,+31527618333
Koopman Advocatenkantoor,+31725411070
Mens Advocaten,+31102701040
Advocatenkantoor Pot cs,+31206656150
Schuth & Koelemaij Advocaten en Belastingadviseurs,+31592300555
Hovinga Advocatenkantoor,+31102850140
Advocatenkantoor Albicher,+31165391005
Hoevers Advocaten- en Mediatorskantoor,+31534344700
Beilen Rauwerda Advocaten Van,+31582991131
Van Montfort Advocaten,+31457116095
Advocaten Kappelhof,+31596619989
"Van de Gevel & Grootjans, advocaten & mediators",+31314342440
Goorts + Coppens advocatenladviseurs,+31492544435
Helmantel & Bügel Flevo advocaten,+31321380766
Advocaten- & Mediatorskantoor Hoevers,+31534344700
D & H Advocatuur en Mediation,+31135441020
Advocatenkantoor Heerenstaete Advocaten & Mediation,+31317619022
Strix Advocaten,+31503663737
Fridsma & Vervest Advocaten,+31251745607
Advocatuur Gloudi,+31320250666
Austen & Peters Advocaten,+31436014209
Advocatenpraktijk Bos,+31475331933
Bruin Advocatuur,+31402223522
Ringerwöle Advocatuur BV,+31388700134
Arbeidsletsel Advocaten,+31134633777
Strik Advocaten en Belastingadviseurs BV,+31206625501
Arslan & Ter Wee Advocaten,+31384600111
Advocaten Theuns & Sanders,+31402082555
Beek advocaten,+31582120005
Advocatenkantoor Van Rijthoven,+31499577579
