name,address,phone,email
De Groot Douma Vosmeijer & Frantzen Advocaten,"Van der Hooplaan 7, 1185EV Amstelveen",+31206434966,info@dgdv.nl
Rijnja Meijer & Balemans Advocaten,"Keizersgracht 66, 1015CS Amsterdam",+31206203125,info@rijnjameijer.nl
Advocatenkantoor Zeeland,"Londensekaai 13 15, 4331JG Middelburg",+31118236010,info@advocatenkantoorzeeland.com
Advocatenkantoor Winnips & Schütz,"Zuiderplein 29, 8911AN Leeuwarden",+31582138353,info@winnipsenschutz.nl
Breewel Advocatuur,"Zuidzijde Haven 39/a, 4611HC Bergen op Zoom",+31165560704,info@breeweladvocatuur.nl
Baker & McKenzie Amsterdam NV,"Claude Debussylaan 54, 1082MD Amsterdam",+31205517555,info.amsterdam@bakermckenzie.com
Scholtens Advocaten,"Onder de Toren 18 20, 8302BV Emmeloord",+31527618333,info@scholtensadvocaten.nl
Koopman Advocatenkantoor,"Wilhelminalaan 7, 1815JC Alkmaar",+31725411070,akoopman@amkoopman.nl
Mens Advocaten,"Posthoornstraat 21, 3011WD Rotterdam",+31102701040,info@menshelpt.nl
Advocatenkantoor Pot cs,"Karel Doormanstraat 127, 1055VE Amsterdam",+31206656150,N/A
Schuth & Koelemaij Advocaten en Belastingadviseurs,"Beilerstraat 139, 9401PJ Assen",+31592300555,info@sk-advocaten.nl
Hovinga Advocatenkantoor,"Grindweg 82, 3055VD Rotterdam",+31102850140,info@addohovinga.nl
Advocatenkantoor Albicher,"Markt 60, 4701PJ Roosendaal",+31165391005,advocaat@albicher.nl
Hoevers Advocaten- en Mediatorskantoor,"Laaressingel 91, 7514EM Enschede",+31534344700,info@kantoorhoevers.nl
Beilen Rauwerda Advocaten Van,"Balthasar Bekkerwei 104, 8914BE Leeuwarden",+31582991131,info@vanbeilenrauwerda.nl
Van Montfort Advocaten,"Tempsplein 29, 6411ET Heerlen",+31457116095,info@montfortadvocaten.nl
Advocaten Kappelhof,"Brander 11, 9934NR Delfzijl",+31596619989,info@kappelhofadvocaten.nl
"Van de Gevel & Grootjans, advocaten & mediators","Keppelseweg 28, 7001CG Doetinchem",+31314342440,info@vandegevelgrootjans.nl
Goorts + Coppens advocatenladviseurs,"Schootense Dreef 31, 5708HZ Helmond",+31492544435,helmond@gca.nl
Helmantel & Bügel Flevo advocaten,"De Bolder 10, 8251KC Dronten",+31321380766,info@helmantel-bugel.nl
Advocaten- & Mediatorskantoor Hoevers,"Laaressingel 91, 7514EM Enschede",+31534344700,info@kantoorhoevers.nl
D & H Advocatuur en Mediation,"Ketelhavenstraat 43, 5045NG TILBURG",+31135441020,hissink@d-hadvocaten.nl
Advocatenkantoor Heerenstaete Advocaten & Mediation,"Herenstraat 97, 3911JD Rhenen",+31317619022,N/A
Strix Advocaten,"Leonard Springerlaan 13, 9727KB Groningen",+31503663737,N/A
Fridsma & Vervest Advocaten,"Maerelaan 5, 1961KA Heemskerk",+31251745607,info@fvadvocaten.nl
Advocatuur Gloudi,"Botter 11 5, 8232JN Lelystad",+31320250666,info@gloudiadvocatuur.nl
Austen & Peters Advocaten,"Sittarderweg 1, 6301GC Valkenburg",+31436014209,info@ap-advocaten.nl
Advocatenpraktijk Bos,"Minderbroederssingel 13B, 6041KG Roermond",+31475331933,info@advocatenpraktijkbos.nl
Bruin Advocatuur,"Torenallee 45, 5617BA Eindhoven",+31402223522,judith.bruin@planet.nl
Ringerwöle Advocatuur BV,"Terborchstraat 7, 8011GD Zwolle",+31388700134,N/A
Arbeidsletsel Advocaten,"Dr. Hub van Doorneweg 189, 5026RD Tilburg",+31134633777,info@arbeidsletseladvocaten.nl
Strik Advocaten en Belastingadviseurs BV,"Strawinskylaan 1439, 1077XX Amsterdam",+31206625501,info@strik-law.nl
Arslan & Ter Wee Advocaten,"Burgemeester van Roijensingel 1, 8011CS Zwolle",+31384600111,info@atwadvocaten.nl
Advocaten Theuns & Sanders,"Dommelseweg 28, 5554NR Valkenswaard",+31402082555,info@theunssandersadvocaten.nl
Beek advocaten,"Willemskade 5, 8911AW Leeuwarden",+31582120005,info@beekadvocaten.nl
Advocatenkantoor Van Rijthoven,"Pallande 3, 5688NH Oirschot",+31499577579,mail@rijthoven.nl
